{
  "version": 1,
  "author": "Anonymous maker",
  "editor": "wokwi",
  "parts": [
    { "type": "wokwi-arduino-uno", "id": "uno", "top": 240.6, "left": 28.2, "attrs": {} },
    {
      "type": "wokwi-7segment",
      "id": "sevseg1",
      "top": 33.78,
      "left": 158.68,
      "attrs": { "common": "cathode", "color": "#00ddff" }
    }
  ],
  "connections": [
    [ "sevseg1:B", "uno:3", "red", [ "v-18.36", "h57.6" ] ],
    [ "sevseg1:C", "uno:4", "orange", [ "v9.6", "h48" ] ],
    [ "sevseg1:D", "uno:5", "gold", [ "v19.2", "h57.6" ] ],
    [ "sevseg1:E", "uno:6", "green", [ "v28.8", "h67.2" ] ],
    [ "sevseg1:G", "uno:8", "violet", [ "v0.84", "h-9.6", "v115.2", "h57.6" ] ],
    [ "sevseg1:COM.2", "uno:GND.1", "black", [ "h0", "v-27.96", "h-48", "v144", "h9.6" ] ],
    [ "sevseg1:F", "uno:7", "blue", [ "v-18.36", "h-28.8", "v124.8", "h9.6", "v38.4", "h38.4" ] ],
    [ "uno:2", "sevseg1:A", "#8f4814", [ "v-249.6", "h-5.5" ] ]
  ],
  "dependencies": {}
}